PLAYER_ID,PLAYER_NAME
1630162,Anthony Edwards
1630183,Jaden McDaniels
1626157,Karl-Anthony Towns
1627736,Malik Beasley
1626156,D'Angelo Russell
1629675,Naz Reid
1629162,Jordan McLaughlin
1629669,Jaylen Nowell
1627752,Taurean Prince
1629006,Josh Okogie
1629130,Duncan Robinson
200782,P.J. Tucker
1628389,Bam Adebayo
1629216,Gabe Vincent
200768,Kyle Lowry
1629639,Tyler Herro
1629622,Max Strus
202693,Markieff Morris
203473,Dewayne Dedmon
1629312,Haywood Highsmith
1629731,Dean Wade
201567,Kevin Love
1630596,Evan Mobley
1630171,Isaac Okoro
1629636,Darius Garland
1630205,Lamar Stevens
1626224,Cedi Osman
200765,Rajon Rondo
202334,Ed Davis
1629164,Brandon Goodwin
1629750,Javonte Green
201942,DeMar DeRozan
202696,Nikola Vucevic
1629632,Coby White
1630245,Ayo Dosunmu
1627936,Alex Caruso
1628972,Troy Brown Jr.
1627884,Derrick Jones Jr.
202684,Tristan Thompson
1627741,Buddy Hield
1629052,Oshae Brissett
1630543,Isaiah Jackson
1630537,Chris Duarte
1630169,Tyrese Haliburton
1626208,Keifer Sykes
1629048,Goga Bitadze
1630188,Jalen Smith
1630613,Duane Washington Jr.
1626196,Josh Richardson
203926,Doug McDermott
1628380,Zach Collins
1630170,Devin Vassell
1630200,Tre Jones
1628966,Keita Bates-Diop
1629111,Jock Landale
1630563,Joshua Primo
1629022,Lonnie Walker IV
203114,Khris Middleton
203507,Giannis Antetokounmpo
1626171,Bobby Portis
1628960,Grayson Allen
201950,Jrue Holiday
1628975,Jevon Carter
202083,Wesley Matthews
201586,Serge Ibaka
1629670,Jordan Nwora
1627761,DeAndre' Bembry
1630572,Sandro Mamukelashvili
203648,Thanasis Antetokounmpo
1629673,Jordan Poole
203952,Andrew Wiggins
1626172,Kevon Looney
202691,Klay Thompson
201939,Stephen Curry
1630228,Jonathan Kuminga
1630541,Moses Moody
202357,Nemanja Bjelica
1629308,Juan Toscano-Anderson
1627814,Damion Lee
1629185,Chris Chiozza
1629683,Quinndary Weatherspoon
1629018,Gary Trent Jr.
1627783,Pascal Siakam
1630173,Precious Achiuwa
1630567,Scottie Barnes
1629717,Armoni Brooks
201152,Thaddeus Young
1628449,Chris Boucher
1630625,Dalano Banton
203920,Khem Birch
1629139,Yuta Watanabe
1629004,Svi Mykhailiuk
1628432,Davon Reed
201145,Jeff Green
203999,Nikola Jokic
203115,Will Barton
1628420,Monte Morris
203085,Austin Rivers
1630538,Bones Hyland
203210,JaMychal Green
1627854,Bryn Forbes
202326,DeMarcus Cousins
1630210,Markus Howard
1630267,Facundo Campazzo
203084,Harrison Barnes
1626168,Trey Lyles
1627745,Damian Jones
203200,Justin Holiday
1628368,De'Aaron Fox
1626158,Richaun Holmes
1628978,Donte DiVincenzo
1629002,Chimezie Metu
1630558,Davion Mitchell
203087,Jeremy Lamb
203090,Maurice Harkless
202711,Bojan Bogdanovic
1626220,Royce O'Neale
202355,Hassan Whiteside
1628378,Donovan Mitchell
1627863,Danuel House Jr.
1629672,Eric Paschall
203903,Jordan Clarkson
1630215,Jared Butler
200752,Rudy Gay
203484,Kentavious Caldwell-Pope
1628398,Kyle Kuzma
1629655,Daniel Gafford
1630557,Corey Kispert
203526,Raul Neto
1630166,Deni Avdija
202397,Ish Smith
1628418,Thomas Bryant
1629060,Rui Hachimura
203107,Tomas Satoransky
1630264,Anthony Gill
1629604,CJ Elleby
1630570,Trendon Watford
1629234,Drew Eubanks
1628404,Josh Hart
1630314,Brandon Williams
203463,Ben McLemore
1630535,Greg Brown III
1630553,Keon Johnson
1630190,Elijah Hughes
1629020,Jarred Vanderbilt
201976,Patrick Beverley
1630532,Franz Wagner
1628976,Wendell Carter Jr.
1628964,Mo Bamba
1630175,Cole Anthony
1630591,Jalen Suggs
1628365,Markelle Fultz
1629643,Chuma Okeke
1630181,R.J. Hampton
203082,Terrence Ross
1629021,Moritz Wagner
201587,Nicolas Batum
202694,Marcus Morris Sr.
1627826,Ivica Zubac
1629599,Amir Coffey
202704,Reggie Jackson
1628392,Isaiah Hartenstein
1629611,Terance Mann
1628379,Luke Kennard
1630527,Brandon Boston Jr.
1629631,De'Andre Hunter
1628381,John Collins
203991,Clint Capela
1628989,Kevin Huerter
1629027,Trae Young
203992,Bogdan Bogdanovic
201568,Danilo Gallinari
101150,Lou Williams
1630168,Onyeka Okongwu
1626153,Delon Wright
1630180,Saddiq Bey
203924,Jerami Grant
1628963,Marvin Bagley III
202709,Cory Joseph
1630595,Cade Cunningham
1630240,Saben Lee
203482,Kelly Olynyk
1630587,Isaiah Livers
1630691,Jamorko Pickett
1630568,Luka Garza
1628369,Jayson Tatum
201143,Al Horford
1629057,Robert Williams III
1627759,Jaylen Brown
203935,Marcus Smart
1629684,Grant Williams
1628401,Derrick White
1628464,Daniel Theis
1630202,Payton Pritchard
1630573,Sam Hauser
203917,Nik Stauskas
1630238,Malik Fitts
1629103,Kelan Martin
1628374,Lauri Markkanen
1630612,RJ Nembhard Jr.
1629650,Moses Brown
202710,Jimmy Butler
203506,Victor Oladipo
1630209,Omer Yurtseven
203493,Reggie Bullock
1630182,Josh Green
203939,Dwight Powell
203915,Spencer Dinwiddie
1629029,Luka Doncic
202722,Davis Bertans
1628467,Maxi Kleber
1628425,Sterling Brown
203504,Trey Burke
1626246,Boban Marjanovic
201569,Eric Gordon
1630231,Kenyon Martin Jr.
1630578,Alperen Sengun
1629645,Kevin Porter Jr.
1630224,Jalen Green
1629726,Garrison Mathews
203471,Dennis Schroder
1630528,Josh Christopher
1628021,David Nwaba
1628981,Bruno Fernando
1630227,Daishen Nix
1629628,RJ Barrett
203944,Julius Randle
1629011,Mitchell Robinson
203095,Evan Fournier
202692,Alec Burks
201959,Taj Gibson
1630579,Jericho Sims
1630193,Immanuel Quickley
1630540,Miles McBride
1630533,Ziaire Williams
1628991,Jaren Jackson Jr.
203500,Steven Adams
1630217,Desmond Bane
1629630,Ja Morant
1629001,De'Anthony Melton
203937,Kyle Anderson
1629723,John Konchar
1626145,Tyus Jones
1629634,Brandon Clarke
1628970,Miles Bridges
1629023,P.J. Washington
203486,Mason Plumlee
1626179,Terry Rozier
1630163,LaMelo Ball
1626149,Montrezl Harrell
1628998,Cody Martin
1626162,Kelly Oubre Jr.
1629667,Jalen McDaniels
202738,Isaiah Thomas
1630208,Nick Richards
1630550,JT Thor
1630230,Naji Marshall
1629637,Jaxson Hayes
202685,Jonas Valanciunas
1630529,Herbert Jones
1628984,Devonte' Graham
1630631,Jose Alvarado
1626195,Willy Hernangomez
1630530,Trey Murphy III
203503,Tony Snell
203497,Rudy Gobert
201144,Mike Conley
1629638,Nickeil Alexander-Walker
1630235,Trent Forrest
1629640,Keldon Johnson
1627751,Jakob Poeltl
1627749,Dejounte Murray
1630580,Joe Wieskamp
1627832,Fred VanVleet
1628969,Mikal Bridges
203109,Jae Crowder
1629028,Deandre Ayton
1626164,Devin Booker
1626166,Cameron Payne
1628988,Aaron Holiday
1629013,Landry Shamet
201580,JaVale McGee
1628470,Torrey Craig
202687,Bismack Biyombo
204001,Kristaps Porzingis
1630559,Austin Reaves
1626169,Stanley Johnson
2544,LeBron James
1628370,Malik Monk
201566,Russell Westbrook
1629659,Talen Horton-Tucker
2546,Carmelo Anthony
201571,D.J. Augustin
1629117,Wenyen Gabriel
201142,Kevin Durant
1628971,Bruce Brown
203083,Andre Drummond
203552,Seth Curry
202681,Kyrie Irving
201988,Patty Mills
201609,Goran Dragic
1629651,Nic Claxton
201949,James Johnson
1630560,Cam Thomas
1630556,Kessler Edwards
1629680,Matisse Thybulle
202699,Tobias Harris
203954,Joel Embiid
1630178,Tyrese Maxey
201935,James Harden
1627777,Georges Niang
1629003,Shake Milton
201599,DeAndre Jordan
1627788,Furkan Korkmaz
1630198,Isaiah Joe
1630194,Paul Reed
203932,Aaron Gordon
1628436,Luke Kornet
203897,Zach LaVine
1628977,Hamidou Diallo
203585,Rodney McGruder
203901,Elfrid Payton
1630688,Ish Wainright
1628997,Caleb Martin
1630552,Jalen Johnson
202340,Avery Bradley
203145,Kent Bazemore
1630598,Aaron Wiggins
1629647,Darius Bazley
1629676,Isaiah Roby
1630322,Lindy Waters III
1628983,Shai Gilgeous-Alexander
1630197,Aleksej Pokusevski
1630249,Vit Krejci
1630177,Theo Maledon
1630846,Olivier Sarr
1630233,Nathan Knight
1630195,Leandro Bolmaro
1627774,Jake Layman
203914,Gary Harris
203468,CJ McCollum
1627853,Ryan Arcidiacono
1627827,Dorian Finney-Smith
1628973,Jalen Brunson
1629067,Isaac Bonga
1629833,Keljin Blevins
1628962,Udoka Azubuike
1627823,Juancho Hernangomez
1630192,Zeke Nnaji
203458,Alex Len
1627763,Malcolm Brogdon
1628993,Alize Johnson
1629109,Gary Clark
1629681,Killian Tillie
1630214,Xavier Tillman
1629633,Jarrett Culver
1630582,Yves Pons
1629623,Lindell Wigginton
1630544,Tre Mann
1628400,Semi Ojeleye
203918,Rodney Hood
1627789,Timothe Luwawu-Cabarrot
1630191,Isaiah Stewart
1630165,Killian Hayes
1628396,Tony Bradley
201980,Danny Green
1630256,Jae'Sean Tate
1630243,Trevelin Queen
1629657,Kyle Guy
2730,Dwight Howard
1629641,Romeo Langford
1629629,Cam Reddish
1627734,Domantas Sabonis
1628367,Josh Jackson
200746,LaMarcus Aldridge
1630678,Terry Taylor
1626174,Christian Wood
1628386,Jarrett Allen
1627742,Brandon Ingram
203496,Robert Covington
1628373,Frank Ntilikina
200794,Paul Millsap
1630606,Javonte Smart
1629649,Ignas Brazdeikis
1629678,Admiral Schofield
1629014,Anfernee Simons
203490,Otto Porter Jr.
202362,Lance Stephenson
201577,Robin Lopez
1630201,Malachi Flynn
1630551,Justin Champagnie
202066,Garrett Temple
1629661,Cameron Johnson
203476,Gorgui Dieng
1630174,Aaron Nesmith
1627780,Gary Payton II
201961,Wayne Ellington
1630539,Kai Jones
204025,Tim Frazier
1629685,Dylan Windler
1630167,Obi Toppin
1626161,Willie Cauley-Stein
1628402,Frank Jackson
201933,Blake Griffin
1628391,D.J. Wilson
1630561,David Duke Jr.
1630549,Day'Ron Sharpe
1629744,Matt Thomas
1630792,Malcolm Hill
2772,Trevor Ariza
1628995,Kevin Knox II
1630219,Skylar Mays
1629719,Devontae Cacok
1630216,Cassius Winston
1629656,Quentin Grimes
1630271,Brodric Thomas
202324,Derrick Favors
1630581,Josh Giddey
1626159,Justise Winslow
1630547,James Bouknight
1630225,Isaiah Todd
202689,Kemba Walker
203994,Jusuf Nurkic
1628384,OG Anunoby
101108,Chris Paul
203076,Anthony Davis
1627747,Caris LeVert
1629646,Charles Bassey
1629718,Charlie Brown Jr.
1629026,Kenrich Williams
1629660,Ty Jerome
202328,Greg Monroe
1630536,Sharife Cooper
1630176,Vernon Carey Jr.
1629652,Luguentz Dort
1629076,Tyler Cook
1626181,Norman Powell
1627737,Marquese Chriss
1626192,Pat Connaughton
1630698,Kevin Pangos
1628372,Dennis Smith Jr.
202683,Enes Freedom
1629033,Theo Pinson
1630186,Jahmi'us Ramsey
1629663,Louis King
1630218,Robert Woodard II
202330,Gordon Hayward
1628382,Justin Jackson
1628035,Alfonzo McKinnie
2738,Andre Iguodala
1629603,Mamadi Diakite
203457,Nerlens Noel
1629617,Reggie Perry
203488,Mike Muscala
1629735,Chris Silva
202339,Eric Bledsoe
1629619,Myles Powell
2617,Udonis Haslem
1629674,Neemias Queta
1630206,Jay Scrubb
204060,Joe Ingles
203078,Bradley Beal
1630583,Santi Aldama
1630199,Cassius Stanley
1630526,Jeremiah Robinson-Earl
201588,George Hill
1629056,Terence Davis
203501,Tim Hardaway Jr.
1629642,Nassir Little
1630593,McKinley Wright IV
1630250,Marko Simonovic
1629751,Dakota Mathias
1627756,Denzel Valentine
203516,James Ennis III
1626167,Myles Turner
1628366,Lonzo Ball
1629653,Devon Dotson
1629875,Xavier Moon
1629597,Zylan Cheatham
204038,Langston Galloway
203658,Norvel Pelle
204020,Tyler Johnson
1628537,Jaylen Morris
1630237,Anthony Lamb
1630296,Braxton Key
1630565,Aaron Henry
1630586,Usman Garuba
203469,Cody Zeller
1630273,Freddie Gillespie
203110,Draymond Green
1628415,Dillon Brooks
1630257,Jon Teske
1629610,DaQuan Jeffries
1630288,Jeff Dowtin
1628395,Jordan Bell
1628778,Paul Watson
1629620,Justin Robinson
1628238,Paris Bass
1630695,Micah Potter
1628591,Craig Sword
1626147,Justin Anderson
1629958,Ahmad Caver
1630207,Nate Hinton
1629730,Rayjon Tucker
1629626,Bol Bol
1626204,Larry Nance Jr.
1630270,Xavier Sneed
1629755,Hassani Gravett
1628427,Vlatko Cancar
1627822,Petr Cornelie
1630637,Carlik Jones
1630187,Daniel Oturu
203953,Jabari Parker
1630640,MJ Walker
1629150,Emanuel Terry
1630306,Rob Edwards
1629602,Javin DeLaurier
1628476,Derrick Walton Jr.
1629873,Jaysean Paige
1629686,Deividas Sirvydis
1629682,Tremont Waters
1628994,George King
1628411,Wes Iwundu
1630602,Chaundee Brown Jr.
1628419,Cameron Oliver
1630179,Tyrell Terry
1629671,Miye Oni
203081,Damian Lillard
1630787,Cameron McGriff
1629600,Jarron Cumberland
1629005,Malik Newman
1629605,Tacko Fall
202954,Brad Wanamaker
1630648,Jordan Schakel
1630693,Jaime Echenique
1630692,Jordan Goodwin
1630555,Joel Ayayi
1627767,Cheick Diallo
1629309,Trayvon Palmer
1627760,Cat Barber
1630644,Mac McClung
201954,Darren Collison
1629783,Shaq Buchanan
203816,Scotty Hopson
1629658,Jaylen Hoard
1628990,Chandler Hutchison
1629644,KZ Okpala
1630585,Marcus Garrett
201937,Ricky Rubio
1629607,Jared Harper
1630466,Gabriel Deck
202688,Brandon Knight
1627885,Shaquille Harrison
1630758,Aleem Ford
1629752,Juwan Morgan
1630286,Trevon Scott
1630531,Jaden Springer
1626144,Emmanuel Mudiay
1629760,Matt Mooney
1629788,Tyler Hall
1629168,BJ Johnson
1628422,Damyean Dotson
1629203,Jemerrio Jones
1630222,Mason Jones
1630643,Jay Huff
101139,CJ Miles
2207,Joe Johnson
202331,Paul George
1630589,Moses Wright
1630278,Ade Murkey
1627782,Wayne Selden
1630605,JaQuori McLaughlin
1628539,Mychal Mulder
201565,Derrick Rose
1630575,Scottie Lewis
1629083,Arnoldas Kulboka
1630184,Kira Lewis Jr.
203524,Solomon Hill
1630525,David Johnson
1630647,Eugene Omoruyi
204456,T.J. McConnell
1630686,Georgios Kalaitzakis
1628408,P.J. Dozier
1627846,Abdel Nader
1630241,Sam Merrill
1626163,Frank Kaminsky
203925,Joe Harris
1629635,Sekou Doumbouya
1629012,Collin Sexton
1629008,Michael Porter Jr.
1629712,Didi Louzada
1630610,DeJon Jarreau
1630172,Patrick Williams
1626155,Sam Dekker
201572,Brook Lopez
1630642,Mitch Ballock
1629713,Justin James
1630624,Feron Hunt
1630835,L.J. Figueroa
1630597,DJ Stewart
1630696,Dru Smith
1629148,Johnny Hamilton
204028,Tarik Black
1626188,Quinn Cook
202335,Patrick Patterson
1626184,Chasson Randle
1630622,Jalen Crutcher
1630651,Romeo Weems
202734,E'Twaun Moore
1630603,Aamir Simms
1629091,Elijah Bryant
1630617,MaCio Teague
1630247,Derrick Alston Jr.
203957,Dante Exum
1630189,Tyler Bey
1629756,Daulton Hommes
1630645,Matt Coleman III
1630569,DJ Steward
1630627,Isaiah Miller
1628968,Brian Bowen II
1628385,Harry Giles III
1629677,Luka Samanic
1629134,Kendrick Nunn
1626143,Jahlil Okafor
1629662,Mfiondu Kabengele
203948,Johnny O'Bryant III
1630679,Ethan Thompson
202329,Al-Farouq Aminu
1629716,Marques Bolden
1627739,Kris Dunn
1630203,Grant Riller
1630639,A.J. Lawson
201952,Jeff Teague
1630234,Ty-Shon Alexander
203967,Dario Saric
1627812,Yogi Ferrell
1627732,Ben Simmons
1628455,Mike James
1629714,Jarrell Brantley
202695,Kawhi Leonard
1626253,Axel Toupane
101141,Ersan Ilyasova
203118,Mike Scott
1626178,Rondae Hollis-Jefferson
1628388,T.J. Leaf
201188,Marc Gasol
201162,Jared Dudley
1629035,Carsen Edwards
1629740,Nicolo Melli
201229,Anthony Tolliver
1628410,Edmond Sumner
1628578,Amida Brimah
1630268,Nate Darling
203960,JaKarr Sampson
203382,Aron Baynes
1629244,Cameron Reynolds
1629725,Jeremiah Martin
1628407,Dwayne Bacon
1628414,Sindarius Thornwell
1629743,Donta Hall
1626245,Cristiano Felicio
203263,James Nunnally
1630221,Josh Hall
1629690,Adam Mokoka
2760,Anderson Varejao
1629007,Jontay Porter
1630223,Jalen Harris
1629017,Khyri Thomas
1630185,Nico Mannion
1629346,Alen Smailagic
200755,JJ Redick
1628961,Kostas Antetokounmpo
1629627,Zion Williamson
1630253,Sean McDermott
1629606,Robert Franks
203521,Matthew Dellavedova
1629962,Devin Cannady
1629066,Rodions Kurucs
202322,John Wall
203487,Michael Carter-Williams
1630211,Karim Mane
1627750,Jamal Murray
1630164,James Wiseman
203121,Darius Miller
1629010,Jerome Robinson
1628383,Justin Patton
1630266,Will Magnay
1627775,Patrick McCaw
1629665,Jalen Lecque
1628394,Anzejs Pasecniks
1627748,Thon Maker
1629738,Vincent Poirier
1628390,Terrance Ferguson
1629648,Jordan Bone
203933,T.J. Warren
203086,Meyers Leonard
203998,Bruno Caboclo
203922,Glenn Robinson III
204222,Greg Whittington
1627740,Henry Ellenson
203460,Andre Roberson
202697,Iman Shumpert
1629121,Jaylen Adams
203943,Noah Vonleh
1629034,Ray Spalding
1628412,Frank Mason
1630204,Ashton Hagans
1630232,Kahlil Whitney
1630269,Keandre Cook
1629594,Bennie Boatwright
1628513,Naz Mitrou-Long
1626260,Levi Randolph
1629666,Charles Matthews
1629596,Bryce Brown
1628518,Amile Jefferson
1626203,Treveon Graham
1629679,Simisola Shittu
1629668,Zach Norvell Jr.
1628405,Johnathan Motley
1629058,Dzanan Musa
201584,Courtney Lee
1629700,Kaleb Wesson
1629016,Omari Spellman
1629598,Chris Clemons
1626170,Jerian Grant
1630263,Dwayne Sutton
1630254,Breein Tyree
1630261,Jahlil Tripp
1628430,Nigel Williams-Goss
1630255,Jake Toolson
1630258,Caleb Homesley
1630260,Marlon Taylor
1630213,Yoeli Childs
101123,Gerald Green
1629624,Kenny Wooten
1629065,Ky Bowman
1630259,Jordan Ford
1630262,Rayshaun Hammonds
2747,JR Smith
203584,Troy Daniels
201149,Joakim Noah
1626187,Michael Frazier
101107,Marvin Williams
2594,Kyle Korver
203079,Dion Waiters
203077,Michael Kidd-Gilchrist
1629729,Josh Reaves
1628499,Antonius Cleveland
2199,Tyson Chandler
201960,DeMarre Carroll
1626209,Mario Hezonja
200826,J.J. Barea
202498,Lance Thomas
1629724,Vic Law
1626259,Malcolm Miller
203124,Kyle O'Quinn
1629126,Deonte Burton
1629608,Dewan Hernandez
1629734,Kyle Alexander
1628985,Devon Hall
1628987,Kevin Hervey
1629621,Marial Shayok
201601,Luc Mbah a Moute
1629140,Johnathan Williams
1627784,Jarrod Uthoff
201147,Corey Brewer
1629059,Elie Okobo
201158,Marco Belinelli
1629625,Justin Wright-Foreman
1628982,Melvin Frazier Jr.
1629741,Marko Guduric
203894,Shabazz Napier
2037,Jamal Crawford
203092,Tyler Zeller
1628371,Jonathan Isaac
203895,Jordan McRae
1713,Vince Carter
1629147,Joe Chealey
1628403,Caleb Swanigan
1627733,Dragan Bender
201163,Wilson Chandler
200757,Thabo Sefolosha
203089,John Henson
1627790,Ante Zizic
1629019,Allonzo Trier
101133,Ian Mahinmi
1628605,Dusty Hannahs
1628980,Jacob Evans
1628413,Jonah Bolden
203459,Allen Crabbe
1629122,J.P. Macura
202951,Jeremy Pargo
1629739,William Howard
1629745,Tariq Owens
1629151,Ryan Broekhoff
1629015,Zhaire Smith
202323,Evan Turner
1628443,Kadeem Allen
1628450,Eric Mika
203705,Josh Magette
1629044,Shamorie Ponds
1627746,Skal Labissiere
202718,Chandler Parsons
1629133,Daryl Macon
1627820,Tyrone Wallace
2200,Pau Gasol
101115,Andrew Bynum
977,Kobe Bryant
965,Derek Fisher
1885,Lamar Odom
2575,Luke Walton
200770,Jordan Farmar
2756,Sasha Vujacic
2045,Hedo Turkoglu
1740,Rashard Lewis
1747,Rafer Alston
2554,Mickael Pietrus
2749,Jameer Nelson
1499,Tony Battie
101162,Marcin Gortat
2788,DJ Mbenga
2694,Josh Powell
200769,Shannon Brown
980,Zydrunas Ilgauskas
2753,Delonte West
2590,Mo Williams
1112,Ben Wallace
200789,Daniel Gibson
1887,Wally Szczerbiak
2562,Sasha Pavlovic
200814,Tarence Kinsey
1533,Anthony Johnson
2030,Kenyon Martin
2403,Nene
2563,Dahntay Jones
1497,Chauncey Billups
2365,Chris Andersen
1853,Anthony Carter
101132,Linas Kleiza
2078,Jason Hart
101130,Johan Petro
200764,Renaldo Balkman
693,Joe Smith
2203,Shane Battier
2449,Luis Scola
101236,Chuck Hayes
1897,Metta World Peace
201166,Aaron Brooks
201171,Carl Landry
101144,Von Wafer
699,Brent Barry
2567,Brian Cook
200778,James White
1718,Paul Pierce
201175,Glen Davis
2570,Kendrick Perkins
951,Ray Allen
2067,Eddie House
2243,Brian Scalabrine
950,Stephon Marbury
2754,Tony Allen
201172,Gabe Pruitt
1630,Mikki Moore
201611,Henry Walker
2572,Josh Howard
1717,Dirk Nowitzki
956,Erick Dampier
1891,Jason Terry
467,Jason Kidd
101138,Brandon Bass
101120,Antoine Wright
101189,James Singleton
200797,Ryan Hollins
2679,Matt Carroll
2746,Josh Smith
1710,Mike Bibby
2230,Maurice Evans
2436,Flip Murray
2585,Zaza Pachulia
201238,Mario West
1502,Adonal Foyle
200780,Solomon Jones
201629,Othello Hunter
2397,Yao Ming
1731,Tyronn Lue
201242,Thomas Gardner
201151,Acie Law
201616,Darnell Jackson
200978,Jeremy Richardson
2592,James Jones
201202,Joel Anthony
2548,Dwyane Wade
201596,Mario Chalmers
201563,Michael Beasley
201161,Daequan Cook
979,Jermaine O'Neal
2048,Jamaal Magloire
200809,Chris Quinn
200821,Yakhouba Diawara
201043,Randolph Morris
2422,John Salmons
200748,Tyrus Thomas
2732,Ben Gordon
1802,Brad Miller
2550,Kirk Hinrich
283,Lindsey Hunter
2748,Dorell Wright
201189,Aaron Gray
2669,Linton Johnson
2223,Samuel Dalembert
2584,Willie Green
1889,Andre Miller
689,Theo Ratliff
923,Donyell Marshall
201578,Marreese Speights
2767,Royal Ivey
201164,Rudy Fernandez
2038,Joel Przybilla
200750,Brandon Roy
2581,Steve Blake
2566,Travis Outlaw
201141,Greg Oden
200771,Sergio Rodriguez
101112,Channing Frye
201573,Jerryd Bayless
978,Peja Stojakovic
2561,David West
200756,Hilton Armstrong
2446,Rasual Butler
1752,Sean Marks
1899,James Posey
201153,Julian Wright
1498,Antonio Daniels
1763,Ryan Bowen
2501,Reggie Evans
1477,Bruce Bowen
1495,Tim Duncan
2588,Matt Bonner
714,Michael Finley
2225,Tony Parker
703,Kurt Thomas
2427,Roger Mason Jr.
2137,Ime Udoka
2050,Morris Peterson
2484,Devin Brown
1905,Andrei Kirilenko
2430,Carlos Boozer
2246,Mehmet Okur
200758,Ronnie Brewer
101114,Deron Williams
1510,Brevin Knight
1723,Matt Harpring
101179,Ronnie Price
2419,Tayshaun Prince
686,Antonio McDyess
739,Rasheed Wallace
1888,Richard Hamilton
201155,Rodney Stuckey
101198,Will Bynum
101131,Jason Maxiell
201167,Arron Afflalo
200835,Walter Herrmann
101161,Amir Johnson
2400,Drew Gooden
200081,Jamario Moon
2198,Kwame Brown
1501,Tim Thomas
101194,Anthony Roberson
1521,Jacque Vaughn
101177,Fabricio Oberto
2260,Jarron Collins
87,Dikembe Mutombo
200796,Leon Powe
2049,Speedy Claxton
1913,Michael Ruffin
201583,Ryan Anderson
2239,Trenton Hassell
2039,Keyon Dooling
201604,Chris Douglas-Roberts
2553,Jarvis Hayes
200772,Maurice Ager
2250,Bobby Simmons
200767,Josh Boone
201146,Yi Jianlian
201157,Sean Williams
1733,Al Harrington
101135,David Lee
2407,Jared Jeffries
2768,Chris Duhon
2047,Quentin Richardson
101126,Nate Robinson
1716,Larry Hughes
2404,Chris Wilcox
201621,Joe Crawford
200754,Mouhamed Sene
2804,Andres Nocioni
201574,Jason Thompson
101113,Ike Diogu
101128,Francisco Garcia
2757,Beno Udrih
1517,Bobby Jackson
101119,Rashad McCants
201590,Donte Greene
200759,Cedric Simmons
2073,Brian Cardinal
2058,Mark Madsen
2215,Jason Collins
2034,Mike Miller
1563,Kevin Ollie
2742,Sebastian Telfair
200783,Craig Smith
101155,Ryan Gomes
200760,Rodney Carney
200749,Shelden Williams
201628,Bobby Brown
101235,Kelenna Azubuike
201576,Anthony Randolph
101142,Ronny Turiaf
201627,Anthony Morrow
201228,C.J. Watson
2740,Andris Biedrins
201633,Rob Kurz
2440,Matt Barnes
255,Grant Hill
406,Shaquille O'Neal
2202,Jason Richardson
959,Steve Nash
2571,Leandro Barbosa
200811,Lou Amundson
2420,Nenad Krstic
2733,Shaun Livingston
2555,Nick Collison
2248,Earl Watson
201602,Kyle Weaver
201591,DJ White
2863,Damien Wilkins
2410,Fred Jones
948,Marcus Camby
2549,Chris Kaman
1884,Baron Davis
201446,Mike Taylor
200779,Steve Novak
101165,Alex Acker
2408,Melvin Ely
2222,Gerald Wallace
2564,Boris Diaw
1737,Nazr Mohammed
101109,Raymond Felton
2731,Emeka Okafor
2205,DeSagana Diop
200971,Dontell Jefferson
436,Juwan Howard
2209,Vladimir Radmanovic
101118,Sean May
201858,Cartier Martin
1548,Mark Blount
201589,Darrell Arthur
201564,O.J. Mayo
101124,Hakim Warrick
2060,Marko Jaric
2545,Darko Milicic
201632,Hamed Haddadi
2210,Richard Jefferson
2429,Dan Gadzuric
2294,Charlie Bell
201196,Ramon Sessions
1922,Francisco Elson
101111,Charlie Villanueva
201570,Joe Alexander
2557,Luke Ridnour
2124,Malik Allen
2586,Keith Bogans
1800,Damon Jones
101122,Danny Granger
2211,Troy Murphy
201579,Roy Hibbert
201575,Brandon Rush
101127,Jarrett Jack
1902,Jeff Foster
2551,T.J. Ford
201177,Josh McRoberts
101211,Stephen Graham
1725,Rasho Nesterovic
101143,Travis Diener
953,Lorenzen Wright
101214,Jawad Williams
1890,Shawn Marion
2547,Chris Bosh
200753,Patrick O'Bryant
1515,Anthony Parker
101181,Jose Calderon
200822,Pops Mensah-Bonsu
101146,Roko Ukic
101121,Joey Graham
2574,Jason Kapono
2063,Jake Voskuhl
2406,Caron Butler
2443,Darius Songaila
201187,Dominic McGuire
201159,Javaris Crittenton
200762,Oleksiy Pecherov
2413,Juan Dixon
201156,Nick Young
201178,Kyrylo Fesenko
2741,Robert Swift
1730,Brian Skinner
2032,Darius Miles
200763,Quincy Douby
1712,Antawn Jamison
2217,Brendan Haywood
201150,Spencer Hawes
2734,Devin Harris
200747,Adam Morrison
2416,Kareem Rush
200745,Andrea Bargnani
2216,Zach Randolph
201169,Alando Tucker
2031,Stromile Swift
990,Malik Rose
101154,Andray Blatche
201173,Marcus Williams
1761,Greg Buckner
201594,Walter Sharpe
201235,Courtney Sims
1766,Maceo Baston
201154,Al Thornton
201603,Sonny Weems
1938,Manu Ginobili
201581,JJ Hickson
1088,Chucky Atkins
1916,Calvin Booth
2226,Will Solomon
2624,Quinton Ross
1952,Raja Bell
2240,Gilbert Arenas
947,Allen Iverson
2755,Kevin Martin
101145,Monta Ellis
1894,Corey Maggette
101183,Shavlik Randolph
101129,Luther Head
2201,Eddy Curry
200751,Randy Foye
201605,Nathan Jawai
2229,Mike James
1536,Stephen Jackson
201148,Brandan Wright
708,Kevin Garnett
200776,Mardy Collins
201193,Demetris Nichols
200798,Cheikh Samb
201176,Jermareo Davidson
2605,Marquis Daniels
201592,J.R. Giddens
1904,Devean George
2556,Marcus Banks
201612,Malik Hairston
201582,Alexis Ajinca
2736,Luol Deng
1729,Ricky Davis
201234,Trey Johnson
2109,Eddie Gill
711,Jerry Stackhouse
1903,Kenny Thomas
2405,Amar'e Stoudemire
201585,Kosta Koufos
2036,Chris Mihm
201606,Sean Singletary
1503,Tracy McGrady
2744,Al Jefferson
2399,Mike Dunleavy
201165,Morris Almond
1882,Elton Brand
201180,Sun Sun
2059,Eduardo Najera
2052,DeShawn Stevenson
101106,Andrew Bogut
2046,Desmond Mason
1506,Austin Croshere
200766,Marcus Williams
2072,Michael Redd
2743,Kris Humphries
2041,Etan Thomas
200761,Shawne Williams
200781,Paul Davis
200801,Hassan Adams
200793,Dee Brown
201634,DeMarcus Nelson
201595,Joey Dorsey
1744,Jerome James
101204,Dwayne Jones
101110,Martell Webster
201336,Blake Ahearn
1749,Cuttino Mobley
201631,Steven Hill
2810,Andre Brown
2824,Desmon Farmer
136,P.J. Brown
208,Sam Cassell
109,Robert Horry
757,Damon Stoudamire
2457,Jannero Pargo
1719,Bonzi Wells
2306,Carlos Arroyo
1727,Pat Garrity
200788,James Augustine
2735,Josh Childress
101136,Salim Stoudamire
200839,Mike Harris
201160,Jason Smith
1921,Gordan Giricek
2568,Carlos Delfino
201199,DJ Strawberry
15,Eric Piatkowski
224,Eddie Jones
2873,Billy Thomas
2212,Steven Hunter
201207,Coby Karl
1956,Ira Newble
2254,Loren Woods
2470,Smush Parker
201174,Nick Fazekas
2424,Dan Dickau
2852,Awvee Storey
2745,Kirk Snyder
201181,Chris Richard
1720,Michael Doleac
2056,Primoz Brezec
200984,Lance Allred
2434,Juan Carlos Navarro
2418,Casey Jacobsen
200784,Bobby Jones
2411,Bostjan Nachbar
201186,Stephane Lasme
2867,Kasib Powell
2853,Earl Barron
1715,Jason Williams
200792,Alexander Johnson
1863,Earl Boykins
2758,David Harrison
101261,Andre Owens
1711,Raef LaFrentz
353,Darrell Armstrong
200785,Kosta Perovic
2035,DerMarr Johnson
2648,Ronald Dupree
1559,Adrian Griffin
1507,Derek Anderson
201192,Taurean Green
970,Othella Harrington
239,Darrick Martin
101153,Mickael Gelabale
2366,Mike Wilks
200818,Justin Williams
2857,Andre Barrett
2079,Kaniel Dickens
1425,Aaron Williams
185,Chris Webber
976,Jeff McInnis
1513,Scot Pollard
727,Eric Snow
952,Antoine Walker
2224,Jamaal Tinsley
2751,Viktor Khryapa
2739,Luke Jackson
200790,Marcus Vinicius
200799,Guillermo Diaz
2499,Richie Frahm
101247,Keith Langford
1741,Jelani McCoy
297,Alonzo Mourning
200827,Darius Washington
1883,Steve Francis
1607,Troy Hudson
1739,Ruben Patterson
201208,Darryl Watkins
358,Anfernee Hardaway
200816,Jorge Garbajosa
448,Bo Outlaw
949,Shareef Abdur-Rahim
101158,Orien Greene
905,Dale Davis
2737,Rafael Araujo
2469,Pat Burke
361,Clifford Robinson
101180,Sarunas Jasikevicius
2552,Michael Sweetney
101249,John Lucas III
1742,Shammond Williams
101182,Donell Taylor
56,Gary Payton
2774,Bernard Robinson
2779,Vassilis Spanoulis
2054,Jake Tsakalidis
147,Jalen Rose
2693,Keith McLeod
101185,Rawle Marshall
1531,Marc Jackson
101137,Daniel Ewing
101215,Will Conroy
788,Kevin Willis
988,Randy Livingston
101195,Luke Schenscher
2454,Junior Harrington
2770,Justin Reed
101152,Bracey Wright
2441,Jamal Sampson
2866,Jackie Butler
200810,Allan Ray
2876,Jared Reiner
200786,David Noel
2696,Lynn Greer
200806,Damir Markota
101134,Wayne Simien
101187,Alan Anderson
673,Alan Henderson
101212,Esteban Batista
101166,Uros Slokar
2776,Pape Sow
2098,Slava Medvedenko
200837,Mike Hall
1509,Kelvin Cato
200838,Kevinn Pinkney
101160,Lawrence Roberts
722,Corliss Williamson
101117,Yaroslav Korolev
1909,Scott Padgett
1504,Danny Fortson
133,David Wesley
200807,Will Blalock
958,Vitaly Potapenko
1709,Michael Olowokandi
1908,Jumaine Jones
243,Aaron McKie
677,Eric Williams
57,Doug Christie
101148,Mile Ilic
101125,Julius Hodge
101159,Dijon Thompson
1541,Alvin Williams
200970,Renaldo Major
1508,Maurice Taylor
200823,Robert Hite
2591,James Lang
2601,Andreas Glyniadakis
200840,Chris McCray
200841,Cedric Bozeman
2782,Matt Freije
200848,Steven Smith
200829,Ivan McFarlin
2204,Eddie Griffin
101232,Roger Powell
2402,Dajuan Wagner
1000,Shandon Anderson
1496,Keith Van Horn
960,Tony Delk
2401,Nikoloz Tskitishvili
89,Nick Van Exel
962,Walter McCarty
441,Lamond Murray
1519,John Thomas
258,Brian Grant
2565,Zoran Planinic
389,Toni Kukoc
2412,Jiri Welsch
911,Ervin Johnson
754,Jim Jackson
2766,Antonio Burks
1442,Zeljko Rebraca
1983,Jermaine Jackson
2684,Melvin Sanders
1594,Rick Brunson
458,Howard Eisley
101230,Noel Felix
983,Moochie Norris
2033,Marcus Fizer
101178,Arvydas Macijauskas
702,Voshon Lenard
2775,Ha Ha
384,Calbert Cheaney
731,Greg Ostertag
101238,Boniface Ndong
452,Vin Baker
2750,Pavel Podkolzin
278,Stacey Augmon
2764,Donta Smith
101219,Anthony Grundy
2417,Qyntel Woods
2583,Derrick Zimmerman
2214,Michael Bradley
2437,Lonny Baxter
101207,Kevin Burleson
2560,Zarko Cabarkapa
2823,John Edwards
101188,Eddie Basden
1960,Milt Palacio
2573,Maciej Lampe
101209,Devin Green
2752,Sergei Monia
101156,Robert Whaley
2435,Mario Kasun
1520,Charles Smith
213,Antonio Davis
101149,Martynas Andriuskevicius
468,Jon Barry
2761,Jackson Vroman
935,Bryon Russell
2043,Mateen Cleaves
2242,Terence Morris
2558,Reece Gaines
2809,Gerald Fitch
2839,James Thomas
1985,Zendon Hamilton
1924,Lee Nailon
2668,Josh Davis
2450,Randy Holcomb
101147,Chris Taft
101223,Aaron Miles
1919,Laron Profit
955,Samaki Walker
101213,Sharrod Ford
2637,Alex Scales
924,Anthony Goldwire
101190,Matt Walsh
1886,Jonathan Bender
101184,Deng Gai
922,Elden Campbell
1032,Darvin Ham
763,Tony Massenburg
299,Glenn Robinson
120,Steven Smith
363,Christian Laettner
397,Reggie Miller
324,Anthony Peeler
762,Shawn Bradley
682,Bob Sura
1444,Lawrence Funderburke
445,Wesley Person
915,Rodney Rogers
696,Travis Best
1934,Rodney Buford
2074,Jabari Smith
221,Clar. Weatherspoon
2321,Paul Shirley
2845,Erik Daniels
2891,Mark Jones
2599,Brandon Hunter
339,Tom Gugliotta
2044,Jason Collier
1542,Predrag Drobnjak
1565,Michael Stewart
2055,Mamadou N'diaye
1714,Robert Traylor
2241,Omar Cook
1052,Ben Handlogten
2206,Rodney White
2798,Horace Jenkins
1765,Torraye Braggs
966,Jerome Williams
84,Latrell Sprewell
2569,Ndudi Ebi
1065,Erick Strickland
2091,Daniel Santiago
724,Cory Alexander
2763,Lionel Chalmers
124,Vlade Divac
697,Fred Hoiberg
2245,Damone Brown
446,Lucious Harris
2414,Curtis Borchardt
2357,Tierre Brown
248,George Lynch
1917,Wang Zhi-zhi
2762,Peter John Ramos
1918,Obinna Ekezie
1743,Bruno Sundov
1901,Dion Glover
2486,Maurice Baker
72,Kenny Anderson
998,Mark Pope
2604,Theron Smith
2415,Ryan Humphrey
2765,Andre Emmett
2421,Frank Williams
1500,Ron Mercer
2784,Luis Flores
393,Rod Strickland
2040,Jerome Moiso
2221,Raul Lopez
2051,Donnell Harvey
2249,Jamison Brewer
2208,Kedrick Brown
692,Andrew DeClercq
281,Scott Williams
2800,Tony Bobbitt
2825,Ibrahim Kutluay
688,Michael Curry
275,Allan Houston
2688,Brandin Knight
1751,Jahidi White
954,Kerry Kittles
2451,Corsley Edwards
383,Kendall Gill
1738,Ansu Sesay
1893,Aleksandar Radojevic
2632,Kirk Penney
369,Charlie Ward
2409,Marcus Haislip
2367,Geno Carlisle
2657,Yuta Tabuse
2682,Alex Garcia
2447,Tamar Slay
1762,Tremaine Fowlkes
2639,Britton Johnsen
934,Derrick Coleman
292,Anthony Miller
296,Rick Fox
252,Karl Malone
932,Oliver Miller
718,Gary Trent
2220,Brandon Armstrong
349,Mark Jackson
2466,Maurice Carter
344,Dana Barros
1760,Derrick Dial
916,Corie Blount
2724,Desmond Ferguson
1544,Chris Crawford
2580,Travis Hansen
961,John Wallace
2244,Jeff Trepagnier
77,Doug Overton
2423,Chris Jefferies
348,Mitchell Butler
1043,Amal McCaskill
2425,Robert Archibald
399,Sean Rooks
1910,Leon Smith
891,Charles Oakley
422,Avery Johnson
1944,Eddie Robinson
43,Chris Whitney
2452,J.R. Bremer
2559,Troy Bell
93,Hubert Davis
270,Horace Grant
1601,Rusty LaRue
2667,Desmond Penigar
469,Jamal Mashburn
2456,Cezary Trybanski
2673,Hiram Fuller
902,Bimbo Coles
1724,Bryce Drew
1735,Vladimir Stepania
937,Scottie Pippen
461,Popeye Jones
123,Robert Pack
1514,Paul Grant
779,Glen Rice
2582,Slavko Vranes
2228,Alton Ford
178,Olden Polynice
2257,Ruben Boumtje-Boumtje
685,Cherokee Parks
2061,Dan Langhi
1900,Quincy Lewis
2253,Sean Lampley
2370,Mengke Bateer
238,Tyrone Hill
145,Tracy Murray
2602,Jerome Beasley
1049,Shane Heal
1721,Keon Clark
202332,Cole Aldrich
202351,Lazar Hayward
202708,Norris Cole
202227,Terrel Harris
201880,Greg Stiemsma
201168,Tiago Splitter
202390,Gary Neal
201971,DeJuan Blair
202354,Dexter Pittman
202341,James Anderson
202730,Lavoy Allen
201975,Jodie Meeks
201946,Tyler Hansbrough
201965,Jeff Ayres
201985,AJ Price
202918,Xavier Silas
201941,Jordan Hill
202365,Devin Ebanks
202726,Andrew Goudelock
202721,Darius Morris
201970,Sam Young
202347,Quincy Pondexter
201967,Dante Cunningham
202702,Kenneth Faried
202389,Timofey Mozgov
201951,Ty Lawson
201600,Omer Asik
201963,Christian Eyenga
202706,Jordan Hamilton
202933,Julyan Stone
202361,Landry Fields
201962,Toney Douglas
202725,Josh Harrellson
202350,Daniel Orton
201947,Earl Clark
201274,Ivan Johnson
202729,Josh Selby
201958,Rodrigue Beaubois
202379,Jeremy Evans
202712,Justin Harper
202366,Jerome Jordan
202406,Jerome Dyson
202349,Greivis Vasquez
201978,Chase Budinger
202962,Greg Smith
202622,Courtney Fortson
202716,Jordan Williams
202705,MarShon Brooks
202178,Sundiata Gaines
202356,Armon Johnson
202386,Ben Uzoh
202374,Solomon Alabi
201814,Gary Forbes
201182,Derrick Byars
202874,Chris Wright
202719,Jeremy Tyler
202148,Mickell Gladness
202724,Charles Jenkins
201936,Tyreke Evans
202690,Jimmer Fredette
201944,Terrence Williams
202715,Tyler Honeycutt
202337,Luke Babbitt
202701,Nolan Smith
201938,Jonny Flynn
202325,Wesley Johnson
201593,Nikola Pekovic
202682,Derrick Williams
202723,Malcolm Lee
202732,DeAndre Liggins
201991,Lester Hudson
202087,Alonzo Gee
202388,Donald Sloan
202396,Samardo Samuels
202810,D.J. Kennedy
202412,Manny Harris
202376,Luke Harangody
202346,Dominique Jones
201957,Byron Mullens
201945,Gerald Henderson
202809,Cory Higgins
202698,Chris Singleton
202686,Jan Vesely
202338,Kevin Seraphin
202714,Shelvin Mack
202720,Jon Leuer
202327,Ekpe Udoh
201943,Brandon Jennings
202336,Larry Sanders
201972,Jon Brockman
202707,JaJuan Johnson
202342,Craig Brackins
201973,Jonas Jerebko
201948,Austin Daye
202731,Vernon Macklin
201974,Derrick Brown
201956,Omri Casspi
202717,Trey Thompkins
202970,Gustavo Ayon
202333,Xavier Henry
201934,Hasheem Thabeet
202130,Reggie Williams
202348,Jordan Crawford
201977,Marcus Thornton
201041,Walker Russell
202458,Justin Dentmon
201623,Semih Erden
202862,Dennis Horner
202419,Chris Johnson
202344,Trevor Booker
202728,Keith Benson
202775,Edwin Ubiles
202391,Jeremy Lin
202536,Jerry Smith
201286,Eric Dawson
202727,Travis Leslie
202880,Jeff Foote
202385,Ryan Reid
202343,Elliot Williams
201291,Carldell Johnson
202399,Jeff Adrien
202814,Mychel Thompson
201969,DaJuan Summers
202380,Hamady Ndiaye
202082,Larry Owens
202952,Malcolm Thomas
202359,Darington Hobson
201953,Eric Maynor
202345,Damion James
202377,Pape Sy
201607,Patrick Ewing
202382,Derrick Caracter
201785,Othyus Jeffers
201203,Mustafa Shakur
200817,Pooh Jeter
202220,Zabian Dowdell
202081,Garret Siler
201966,Jermaine Taylor
2431,David Andersen
202408,Marcus Cousin
202360,Andy Rautins
202378,Willie Warren
202395,Sherron Collins
202371,Gani Lawal
202132,Cedric Jackson
201805,Chris Hunter
201802,Oliver Lafayette
201981,Taylor Griffin
202079,Antonio Anderson
202068,Marcus Landry
201191,JamesOn Curry
201821,Trey Gilder
1627982,Josh Gray
1629742,Stanton Kidd
1627883,Jalen Jones
1627819,Isaiah Taylor
1627743,Demetrius Jackson
1629305,Marcus Allen
1626150,Andrew Harrison
1629800,Kavion Pippen
1628505,Troy Caupain
1628506,London Perrantes
1628769,Tahjere McCall
1629094,Marcus Derrickson
1626296,Jordan Sibert
1629779,Justin Simon
1628495,Milton Doyle
1629270,Todd Withers
1628424,Kobi Simmons
1629759,Ahmed Hill
1628397,Ivan Rabb
203101,Miles Plumlee
203583,Abdul Gaddy
203687,Reggie Hearn
1629232,Kaiser Gates
1628999,Yante Maten
1626185,Jarell Martin
1627772,Daniel Hamilton
1627988,Myke Henry
1629152,DeVaughn Akoon-Purcell
1629689,Aric Holman
1629826,Norense Odiase
204065,David Stockton
1628448,Kavell Bigby-Williams
1629824,Jalen Adams
1629715,Javon Bess
1629664,Dedric Lawson
1627776,Isaiah Miles
1629746,Christ Koumadje
1629353,Isaac Humphries
1628421,Devin Robinson
1628996,Sagaba Konate
1629595,Phil Booth
203710,C.J. Williams
1629061,Deng Adel
1629825,Perrion Callandret
1629616,Josh Perkins
1629612,Luke Maye
1629819,Yudai Baba
1629753,Isaiah Pineiro
1629615,James Palmer Jr.
1629097,Terry Larrier
1629055,Donte Grantham
1629129,Trevon Bluiett
1629118,Thomas Welsh
1628417,Jaron Blossomgame
203906,Devyn Marble
1628399,Tyler Lydon
1629721,JaKeenan Gant
202703,Nikola Mirotic
203961,Eric Moreland
203613,Jonathon Simmons
1627824,Guerschon Yabusele
202700,Donatas Motiejunas
1627738,Deyonta Davis
1626210,Alan Williams
203098,John Jenkins
1628439,Isaiah Hicks
1628656,Billy Garrett
1629102,Brandon Sampson
1627215,Walt Lemon Jr.
1628469,Antonio Blakeney
1628959,Rawle Alkins
1628416,Tyler Dorsey
1627395,Julian Washburn
1628393,Jawun Evans
1629045,Bonzie Colson
1626257,Salah Mejri
1629123,Jared Terrell
1628463,Tyler Cavanaugh
1627786,Troy Williams
1628070,Jordan Loyd
1628249,Mitchell Creek
203546,Ian Clark
1629541,Dairis Bertans
1626154,RJ Hunter
203159,Scott Machado
1629116,Angel Delgado
201281,Andre Ingram
203093,Terrence Jones
1627816,Alex Poythress
1628515,Isaiah Briscoe
203477,Isaiah Canaan
1628979,Trevon Duval
203518,Alex Abrines
1627735,Wade Baldwin IV
203112,Quincy Acy
1627781,Malachi Richardson
1629053,Vincent Edwards
203564,Kalin Lucas
1627758,Ron Baker
203485,Lorenzo Brown
1627855,Okaro White
1628462,Milos Teodosic
203474,DJ Stephens
1629093,Tyler Davis
1628387,Ike Anigbogu
1627753,Zhou Qi
1627755,Tyler Ulis
1629155,Zach Lofton
204066,John Holland
204037,Travis Wear
1629285,Angel Rodriguez
1629156,Markel Crawford
1629078,Doral Moore
203130,Darius Johnson-Odom
1629236,Jonathan Stark
1629146,Zach Smith
203910,Nick Johnson
203080,Thomas Robinson
1627362,Briante Weber
204192,Raphiael Putney
1628681,Rodney Purvis
1629131,Jairus Lyles
1627766,Isaiah Cousins
1627770,Kay Felder
1627858,Kyle Collinsworth
203629,Garlon Green
1629000,Brandon McCoy
203950,Jarnell Stokes
1628429,Charles Cooke
1629136,Elijah Stewart
1628500,Ben Moore
1627778,Chinanu Onuaku
1629132,Braian Angola-Rodas
203498,Shabazz Muhammad
203909,KJ McDaniels
1628576,Bryce Alford
1629142,Yanyuhang Ding
1626148,Anthony Brown
1629009,Billy Preston
1629186,Tiwian Kendley
1629154,Rob Gray
204179,Omari Johnson
1629184,Desi Rodriguez
1629137,Joel Berry II
1629050,Jeffrey Carroll
1627875,Marcus Georges-Hunt
1629166,Jeff Roberson
1629165,Nick King
1629037,Keenan Evans
1628503,Jamel Artis
1629226,Ismaila Kane
1629149,Codi Miller-McIntyre
1629245,Nuni Omot
1629159,Marcus Lee
1629145,Isaiah Wilkins
1629246,Tyrius Walker
1628935,Aaron Jackson
203499,Shane Larkin
203512,Lucas Nogueira
1626202,Joe Young
203962,Josh Huestis
1626177,Dakari Johnson
203464,Brandon Paul
203530,Joffrey Lauvergne
204022,Jack Cooley
1628502,Nigel Hayes
203898,Tyler Ennis
203930,Sean Kilpatrick
1627821,James Webb III
1628444,Jabari Bird
1626780,Jonathan Gibson
1627779,Marcus Paige
1628409,Alec Peters
1626151,Aaron Harrison
1627817,Tim Quarterman
1627834,Georgios Papagiannis
1626175,Jordan Mickey
1628510,Andrew White III
203104,Marquis Teague
203580,Larry Drew II
1627850,Marshall Plumlee
1627835,Paul Zipser
202779,Dwight Buycks
1627744,Brice Johnson
1628493,Mangok Mathiang
203923,James Young
1627866,Jameel Warney
1628571,Erik McCree
1627856,Matt Costello
1628504,Xavier Rathan-Mayes
204098,Xavier Munford
204067,Jarell Eddie
1627098,Malcolm Delaney
1626173,Rashad Vaughn
202713,Kyle Singler
1626191,Chris McCullough
203590,Trey McKinney-Jones
1627785,Isaiah Whitehead
1626199,Darrun Hilliard
203900,Markel Brown
203186,Willie Reed
1626242,Luis Montero
203949,James Michael McAdoo
203505,Vander Blue
1628475,Matt Williams Jr.
203966,Jamil Wilson
203940,Adreian Payne
1626643,Jacob Pullen
1626205,Vincent Hunter
203489,Nate Wolters
203481,Jeff Withey
1627762,Joel Bolomboy
1628451,Jacob Wiley
1628492,Gian Clavell
1627852,Nicolas Brussino
1627851,Mindaugas Kuzminskas
203141,Mirza Teletovic
1628528,Ike Iroegbu
1628512,Matt Jones
1627771,Michael Gbinije
1628511,James Blackmon Jr.
204014,Damjan Rudez
203103,Perry Jones III
1626146,Cliff Alexander
1627825,Rade Zagorac
1628677,Durand Scott
203467,Carrick Felix
1628454,Mike Young
203146,Maalik Wayns
1628516,Terry Henderson
1628494,T.J. Williams
1627754,Diamond Stone
1628575,Jaylen Johnson
1626165,Brandon Ashley
203462,Archie Goodwin
202407,Elijah Millsap
203187,Chris Johnson
1628679,Daniel Dixon
1628433,L.J. Peak
203547,Eric Griffin
203199,DeQuan Jones
1628453,Melo Trimble
204002,Edy Tavares
1627815,Sheldon Mac
1627849,Daniel Ochefu
1628176,LaDontae Henton
204064,Akil Mitchell
1628496,Jeremy Senglin
203088,Kendall Marshall
1628460,Bronson Koenig
1628579,Taylor Braun
203902,Semaj Christon
1628477,Landry Nnoko
1628491,Derek Willis
162777,Georges Niang
1627787,Kyle Wiltjer
1628431,V.J. Beachem
1627757,Stephen Zimmerman
1628535,Jordan Mathews
1628456,Jeremy Morgan
1628452,Kennedy Meeks
1628473,Yakuba Ouattara
1962937827,Matt Matt
1628174,Alex Hamilton
1627868,Patricio Garino
203527,Ryan Kelly
1627773,AJ Hammons
203120,Justin Hamilton
203094,Andrew Nicholson
1627848,Shawn Long
1626254,Maurice Ndour
203148,Brian Roberts
1626176,Rakeem Christmas
203912,C.J. Wilcox
203138,Hollis Thompson
1627791,Ben Bentil
203934,Lamar Patterson
1627861,Mike Tobey
1626273,Marcelo Huertas
203096,Jared Sullinger
203510,Pierre Jackson
203461,Anthony Bennett
202620,Arinze Onuaku
1627879,Nicolas Laprovittola
203133,Robbie Hummel
203143,Pablo Prigioni
203520,Livio Jean-Charles
1627881,Rasheed Sulaimon
1627768,Perry Ellis
1628041,Vashil Fernandez
203990,Drew Crawford
204029,Brady Heslip
1627843,Thomas Walkup
1626160,JP Tokoto
203156,Henry Sims
204039,Chris Crawford
203315,Toure' Murry
203111,Orlando Johnson
1626266,JJ O'Brien
1626294,Jaleel Roberts
203928,Cory Jefferson
1626182,Jonathan Holmes
203268,Jorge Gutierrez
1627862,Beau Beech
1627865,Egidijus Mockevicius
203492,Ray McCallum
1627882,Andrew Andrews
203511,Grant Jerrett
1627886,D'Vauntes Smith-Rivera
1627938,J.J. Avila
202841,Cameron Jones
203515,Phil Pressey
1627887,Trey Freeman
1627888,Nikola Jovanovic
1627841,Stefan Jankovic
1627867,Keith Hornsby
203560,E.J. Singler
1627818,Kaleb Tarczewski
1627873,Shawn Dawson
1627880,Quincy Ford
203810,Casper Ware
1627878,Nick Zeisloft
1627829,Julian Jacobs
203100,Tony Wroten
203122,Kevin Murphy
1626183,Branden Dawson
1627765,Elgin Cook
1627954,Scott Wood
203135,Robert Sacre
203142,Chris Copeland
203105,Festus Ezeli
203798,PJ Hairston
1626251,Duje Dukan
203955,Bryce Cotton
203963,Shayne Whittington
203996,Damien Inglis
201619,Sasha Kaun
203921,Cleanthony Early
203508,Sergey Karasev
203099,Jared Cunningham
203956,Mitch McGary
1626262,Coty Clarke
1627293,Alex Stepheson
203946,Cameron Bairstow
1626214,Bryce Dejean-Jones
203475,Erick Green
203951,Keith Appling
202353,Tibor Pleiss
203123,Kostas Papanikolaou
203893,Russ Smith
203919,Jordan Adams
1626288,Joshua Smith
1627322,Bo McCalebb
1626272,Lazeric Jones
1627258,Sampson Carter
1626295,Nnanna Egwu
1626258,Corey Walden
1626279,Jason Washburn
1626280,Sam Thompson
1626201,Wesley Saunders
1626276,Darion Atkins
1626275,Travis Trice II
202464,Devin Sweetney
203569,Chris Babb
203913,Jabari Brown
202820,Jarrid Famous
204189,Jaron Johnson
204075,Talib Zanna
1626193,Robert Upshaw
1626270,Will Cummings
202091,Dionte Christmas
1626207,Ryan Boatright
202808,Chris Daniels
203128,Furkan Aldemir
203959,Scottie Wilbekin
1626285,Kleon Penn
204289,Nick Wiggins
1626305,Nick Minnerath
1626186,Corey Hawkins
201645,Tre Kelley
203529,Arsalan Kazemi
203927,CJ Fair
1627292,Kadeem Jack
1626269,Denzel Livingston
1626217,Chris Walker
1626219,Juwan Staten
1626263,Shannon Scott
203113,Quincy Miller
203947,Jordan Bachynski
203472,Deshaun Thomas
1626304,Youssou Ndoye
1626189,Terran Petteway
202394,Matt Janning
1626289,Marshall Henderson
203929,Melvin Ejim
203519,Adonis Thomas
1626290,Corey Webster
204136,Marcus Simmons
1626271,Kyle Casey
202358,Terrico White
204040,Ronald Roberts Jr.
1626293,Edgar Sosa
203586,Charlie Westbrook
1626281,Jon Horford
202513,Stefhon Hannah
202815,Jake Anderson
1626261,Michael Holyfield
1626252,Michale Kyser
203544,Pero Antic
201979,Nick Calathes
203540,Gigi Datome
200777,Joel Freeland
203108,Bernard James
203479,Jamaal Franklin
204054,Zoran Dragic
203495,Ricky Ledo
203106,Jeffery Taylor
202077,Jerel McNeal
204021,Sim Bhullar
204033,David Wear
203144,Alexey Shved
203968,Jerrelle Benimon
201964,Victor Claver
203136,Ognjen Kuzmic
203545,Miroslav Raduljica
203945,Alex Kirk
203958,Andre Dawkins
203565,Patrick Christopher
203561,Brandon Davies
203539,Gal Mekel
204079,Drew Gordon
203805,Will Cherry
203318,Glen Rice
203964,Roscoe Smith
203117,Doron Lamb
203965,Justin Cobbs
203502,Tony Mitchell
203942,Patric Young
203158,Kevin Jones
203149,Micheal Eric
203197,Diante Garrett
204027,Josh Davis
202197,Shane Edwards
204077,Michael Jenkins
204076,Richard Solomon
203102,Arnett Moultrie
203517,Nemanja Nedovic
203905,Aaron Craft
204030,Mitchell Watt
204053,Shawn Jones
203513,Erik Murphy
204024,Christian Watford
204026,Brock Motum
202550,Josh Bostic
204041,Brian Qvale
203193,Dallas Lauderdale
204044,Orlando Sanchez
204061,Joe Jackson
204062,Casey Prather
204071,Stephen Holt
204034,Luke Hancock
201986,Nando De Colo
202363,Jarvis Varnado
203491,Peyton Siva
203480,James Southerland
203129,Tornike Shengelia
203091,Royce White
203183,Tony Mitchell
203139,Viacheslav Kravtsov
203543,Vitor Faverani
203116,Tyshawn Taylor
203147,Chris Smith
203548,Elias Harris
203162,Ben Hansbrough
203006,Josh Akognon
203119,Kim English
203097,Fab Melo
203126,Kris Joseph
203317,Tim Ohlbrecht
203203,Chris Wright
202545,Luke Zeller
